listed_company,time,operating_margin_pct
AAON,2009,17.8
AAON,2010,13.4
AAON,2011,8.3
AAON,2012,14.6
AAON,2013,17.4
AAON,2014,19.1
AAON,2015,19.9
AAON,2016,20.7
AAON,2017,18.3
AAPL,2016,27.8
AAPL,2017,26.8
AAPL,2018,26.7
ABBV,2016,36.4
ABBV,2017,33.8
ABBV,2018,19.5
ABBV,2019,39.0
ABBV,2020,24.8
ABBV,2021,31.9
ABBV,2022,31.2
ABBV,2023,23.5
ABBV,2024,16.2
ABBV,2025,24.6
ABNB,2019,-10.4
ABNB,2021,7.2
ABNB,2022,21.5
ABNB,2023,15.3
ABNB,2024,23.0
ABNB,2025,20.8
ADBE,2007,27.2
ADBE,2008,28.7
ADBE,2009,23.4
ADBE,2010,26.1
ADBE,2011,26.1
ADBE,2012,26.8
ADBE,2013,10.4
ADBE,2014,10.0
ADBE,2015,18.8
ADBE,2016,25.5
ADBE,2017,29.7
ADBE,2018,31.5
ADBE,2019,29.3
ADBE,2020,32.9
ADBE,2021,36.8
ADBE,2022,34.6
ADBE,2023,34.3
ADBE,2024,31.3
ADBE,2025,36.6
AFRM,2019,-48.2
AFRM,2020,-21.2
AFRM,2021,-43.6
AFRM,2022,-64.2
AFRM,2023,-75.6
AFRM,2024,-26.5
AFRM,2025,-2.7
AGEN,2012,-42.2
AI,2019,-39.3
AI,2020,-45.6
AI,2021,-32.9
AI,2022,-77.6
AI,2025,-83.4
ALAB,2022,-75.4
ALAB,2023,-25.5
ALAB,2024,-29.3
ALAB,2025,20.3
ALIT,2019,10.4
ALIT,2020,5.4
ALIT,2022,-0.4
ALIT,2023,-3.0
ALIT,2024,-3.9
AMCX,2017,25.7
AMCX,2018,24.5
AMCX,2019,1.4
AMCX,2020,2.9
AMCX,2021,15.9
AMCX,2022,2.8
AMCX,2023,14.3
AMCX,2024,-1.6
AMCX,2025,5.8
AMD,2016,-8.6
AMD,2017,2.4
AMD,2018,0.4
AMD,2019,5.2
AMD,2020,5.8
AMD,2021,22.2
AMD,2022,5.4
AMD,2023,1.8
AMD,2024,7.4
AMD,2025,10.7
AMS,2016,17.6
AMS,2017,12.3
AMS,2018,9.4
AMZN,2016,3.1
AMZN,2017,2.3
AMZN,2018,1.6
AMZN,2019,1.4
AMZN,2020,1.8
AMZN,2021,5.3
AMZN,2022,2.4
AMZN,2023,6.4
AMZN,2024,10.8
AMZN,2025,11.2
AN,2008,-9.7
AN,2009,3.8
AN,2010,4.0
AN,2011,4.1
AN,2012,4.1
AN,2013,4.2
AN,2014,4.3
AN,2015,4.2
AN,2016,4.1
AN,2017,3.9
AN,2018,3.6
AN,2019,3.9
AN,2020,2.8
AN,2021,7.4
AN,2022,7.5
AN,2023,6.1
AN,2024,4.9
AN,2025,4.5
ANET,2016,21.6
ANET,2017,28.6
ANET,2018,9.0
ANET,2019,7.3
ANET,2020,8.4
ANET,2021,31.4
ANET,2022,34.9
ANET,2023,38.5
ANET,2024,42.0
ANET,2025,42.8
ANGX,2023,6.1
ANGX,2024,-89.8
ANGX,2025,-51.0
AON,2007,13.9
AON,2008,12.5
AON,2009,13.4
AON,2010,5.0
AON,2011,3.9
AON,2012,4.0
AON,2013,4.4
AON,2014,5.3
AON,2015,6.1
AON,2016,4.9
AON,2017,4.9
AON,2018,4.6
APAM,2011,33.9
APAM,2012,9.3
APAM,2013,8.5
APAM,2014,9.4
APAM,2015,8.2
APAM,2016,8.1
APAM,2017,10.2
APAM,2018,36.8
APAM,2019,35.5
APAM,2020,39.8
APAM,2021,44.0
APAM,2022,34.6
APAM,2023,31.1
APAM,2024,33.0
APAM,2025,33.4
APH,2016,19.2
APH,2017,20.4
APH,2018,5.6
APH,2019,5.2
APH,2020,5.7
APH,2021,19.4
APH,2022,20.5
APH,2023,20.4
APH,2024,20.7
APH,2025,25.4
APP,2019,19.6
APP,2020,-4.3
APP,2021,5.4
APP,2022,-1.7
APP,2023,19.7
APP,2024,39.8
APP,2025,75.8
ARRY,2018,-21.0
ARRY,2019,12.9
ARRY,2020,10.9
ARRY,2021,-2.9
ARRY,2022,-1.1
ARRY,2023,13.6
ARRY,2024,-24.8
ARRY,2025,-2.3
AVGO,2016,-3.1
AVGO,2017,4.3
AVGO,2018,7.9
AXON,2016,11.9
AXON,2017,3.8
AXON,2018,5.9
AXON,2019,-1.2
AXON,2020,-2.1
AXON,2021,-19.5
AXON,2022,7.8
AXON,2023,9.9
AXON,2024,2.8
AXON,2025,-2.2
AXP,2008,12.6
AXP,2009,11.6
AXSM,2023,-85.7
AXSM,2024,-72.7
AXSM,2025,-26.1
BATL,2009,-64.1
BATL,2010,22.9
BATL,2011,22.2
BATL,2012,-12.0
BATL,2014,-5.1
BATL,2018,40.7
BATL,2021,36.2
BATL,2022,42.4
BATL,2023,8.0
BATL,2024,-6.1
BBWI,2018,13.7
BBWI,2019,9.3
BBWI,2020,0.6
BBWI,2021,13.5
BBWI,2022,11.2
BBWI,2023,18.2
BBWI,2024,17.3
BBWI,2025,17.3
BBWI,2026,15.4
BBY,2017,4.7
BBY,2018,4.4
BBY,2019,2.3
BBY,2020,4.6
BBY,2021,5.1
BBY,2022,5.9
BBY,2023,3.9
BBY,2024,3.6
BBY,2025,3.0
BEN,2007,33.3
BEN,2008,34.8
BEN,2009,28.7
BEN,2010,33.5
BEN,2011,37.3
BEN,2012,35.4
BEN,2013,36.6
BEN,2014,37.9
BEN,2015,38.1
BEN,2016,35.7
BEN,2017,35.4
BEN,2018,33.5
BEN,2019,27.0
BFS,2009,28.1
BFS,2010,27.0
BFS,2011,19.5
BFS,2012,4.8
BFS,2013,6.2
BFS,2014,5.9
BFS,2015,6.7
BFS,2016,6.2
BFS,2017,6.3
BFS,2018,6.8
BFS,2019,6.5
BFS,2020,5.2
BFS,2022,73.4
BFS,2023,73.6
BFS,2024,75.8
BFS,2025,67.4
BJRI,2017,6.2
BJRI,2018,1.1
BJRI,2019,1.4
BJRI,2020,-2.6
BJRI,2021,-1.5
BJRI,2023,-0.4
BJRI,2024,1.0
BJRI,2025,3.3
BKE,2017,15.7
BKE,2018,14.7
BKE,2019,13.7
BKE,2020,14.6
BKE,2021,18.6
BKE,2022,25.9
BKE,2023,24.4
BKE,2024,21.5
BKE,2025,19.8
BLK,2022,57.7
BLK,2023,57.0
BLK,2024,59.2
BRKR,2009,12.3
BRKR,2010,11.9
BRKR,2011,3.3
BRKR,2012,2.2
BRKR,2013,3.3
BRKR,2014,2.5
BRKR,2015,4.4
BRKR,2016,4.8
BRKR,2017,5.3
BRKR,2018,5.6
BROS,2019,12.7
BROS,2020,3.4
BROS,2021,-22.8
BROS,2022,-0.4
BROS,2023,4.8
BROS,2024,8.3
BROS,2025,9.8
BSX,2012,-55.6
BSX,2013,1.7
BSX,2014,-4.0
BSX,2015,-4.1
BSX,2016,4.9
BXP,2007,22.7
BXP,2008,39.3
BXP,2009,16.5
BXP,2010,39.4
BXP,2011,35.2
BXP,2012,34.7
BXP,2013,31.8
BXP,2014,33.5
BXP,2015,34.1
BXP,2016,32.4
BXP,2017,34.9
BYD,2016,11.8
BYD,2017,3.4
BYD,2018,3.6
BYND,2017,-87.7
BYND,2018,-31.8
BYND,2019,-0.3
BYND,2020,-6.0
BYND,2021,-37.6
BYND,2022,-81.8
BYND,2023,-99.6
BYND,2024,-47.8
CARG,2015,-2.6
CARG,2016,4.3
CARG,2017,4.8
CCL,2007,20.9
CCL,2008,18.6
CCL,2009,16.4
CCL,2014,11.2
CCL,2015,16.4
CCL,2016,18.7
CCL,2017,16.0
CCL,2018,17.6
CDRE,2020,12.3
CDRE,2021,12.1
CDRE,2022,3.7
CDRE,2023,11.7
CDRE,2024,11.8
CDRE,2025,11.0
CHCI,2017,-10.6
CHCI,2018,-9.0
CHCI,2019,9.0
CHCI,2020,8.9
CHCI,2021,16.3
CHCI,2022,20.2
CHCI,2023,20.5
CHCI,2024,20.1
CHCI,2025,19.0
CMCSA,2007,18.0
CMCSA,2008,19.6
CMCSA,2009,20.2
CMCSA,2010,5.3
CMCSA,2011,5.2
CMCSA,2012,5.3
CMCSA,2013,5.6
CMCSA,2014,5.5
CMCSA,2015,5.4
CMCSA,2016,5.3
CMCSA,2017,4.9
CMCSA,2018,4.8
CMCSA,2019,4.8
CMCSA,2020,3.8
CMCSA,2021,17.9
CMCSA,2022,11.6
CMCSA,2023,19.2
CMG,2016,0.9
CMG,2017,6.0
CMG,2018,0.8
CMG,2019,1.8
CMG,2020,2.0
CMG,2021,10.7
CMG,2022,13.4
CMG,2023,15.8
CMG,2024,16.9
CMG,2025,16.2
COIN,2019,-8.6
COIN,2020,32.0
COIN,2021,39.2
COIN,2022,-84.8
COIN,2023,-5.2
COIN,2024,35.1
COIN,2025,20.0
COLM,2016,10.8
COLM,2017,10.7
COLM,2018,12.5
COLM,2019,13.0
CPAY,2016,41.2
CPAY,2017,39.3
CPAY,2018,11.7
CPAY,2019,12.1
CPAY,2020,12.3
CPAY,2021,12.0
CPAY,2022,42.2
CPAY,2023,44.1
CPAY,2024,45.0
CPAY,2025,44.0
CPB,2017,24.5
CPB,2018,15.3
CPB,2019,12.1
CPB,2020,12.7
CPB,2021,18.2
CPB,2022,13.6
CPB,2023,14.0
CPB,2024,10.4
CPB,2025,11.0
CPNG,2019,-10.2
CPNG,2020,-4.3
CPNG,2021,-8.1
CPNG,2022,-0.5
CPNG,2023,1.9
CPNG,2024,1.4
CPNG,2025,1.4
CPRT,2014,23.6
CPRT,2015,30.1
CPRT,2016,8.4
CPRT,2017,7.7
CPRT,2018,7.5
CRGY,2019,20.9
CRGY,2020,-49.5
CRGY,2021,10.9
CRGY,2022,42.0
CRGY,2023,13.6
CRGY,2024,7.5
CRGY,2025,6.4
CRK,2010,-3.4
CRK,2011,-9.5
CRK,2012,-22.4
CRK,2013,-5.8
CRK,2014,-14.5
CRM,2008,2.7
CRM,2009,5.9
CRM,2010,2.0
CRM,2011,-0.0
CRM,2012,-0.3
CRM,2013,-0.7
CRM,2014,-2.5
CRM,2015,-0.6
CRM,2016,0.3
CRM,2017,-0.3
CRWD,2019,-54.8
CRWD,2020,-30.3
CRWD,2021,-10.6
CRWD,2022,-9.8
CRWD,2023,-8.5
CRWD,2024,-0.1
CRWD,2025,-2.9
CRWD,2026,-6.1
CRWV,2023,-6.1
CRWV,2024,16.9
CRWV,2025,-0.9
CVNA,2022,-17.3
CVNA,2023,-0.7
CVNA,2024,7.2
CVNA,2025,9.3
CWGL,2016,5.5
CWGL,2017,7.7
CWGL,2018,2.2
CWGL,2019,-10.6
CWGL,2020,-13.8
CWGL,2021,0.4
CWGL,2022,2.7
CWGL,2023,2.7
CWGL,2024,0.1
CWGL,2025,-5.7
DASH,2018,-72.2
DASH,2019,-69.6
DASH,2020,-15.1
DASH,2021,-9.2
DASH,2022,-17.1
DASH,2023,-6.7
DASH,2024,-0.4
DASH,2025,5.3
DBX,2016,-22.9
DBX,2017,-10.3
DBX,2018,-35.5
DBX,2019,-4.8
DBX,2020,-14.5
DBX,2021,12.7
DBX,2022,7.8
DBX,2023,21.5
DBX,2024,19.1
DBX,2025,27.3
DDOG,2017,-2.9
DDOG,2018,-5.6
DDOG,2019,-5.6
DDOG,2020,-2.3
DDOG,2021,-1.9
DDOG,2022,-3.5
DDOG,2023,-1.6
DDOG,2024,2.0
DDOG,2025,-1.3
DELL,2018,-3.1
DELL,2019,-0.2
DELL,2020,2.8
DELL,2021,5.5
DELL,2022,4.6
DELL,2023,5.6
DELL,2024,5.9
DELL,2025,2.3
DELL,2026,7.2
DHR,2016,16.2
DHR,2017,5.1
DHR,2018,4.8
DIS,2017,26.8
DIS,2018,26.4
DIS,2019,4.9
DIS,2020,0.9
DIS,2021,11.5
DIS,2022,14.7
DIS,2023,14.5
DIS,2024,17.1
DIS,2025,18.6
DKNG,2022,-67.5
DKNG,2023,-21.5
DKNG,2024,-12.8
DKNG,2025,-0.3
DKS,2017,5.7
DKS,2018,2.1
DKS,2019,1.7
DKS,2020,4.3
DKS,2021,7.7
DKS,2022,16.5
DKS,2023,11.8
DKS,2024,9.9
DKS,2025,11.0
DLB,2008,44.8
DLB,2009,50.5
DLB,2010,46.5
DLB,2011,45.0
DLB,2012,39.1
DLB,2013,27.0
DLB,2014,28.5
DLB,2015,22.0
DLB,2016,22.6
DLB,2017,23.0
DLB,2018,25.6
DLB,2019,20.7
DLB,2020,18.8
DLB,2021,26.9
DNLI,2018,-35.9
DNLI,2020,18.7
DNLI,2023,-59.5
DOCS,2020,19.0
DOCS,2021,25.8
DOCS,2022,33.0
DOCS,2023,29.9
DOCS,2024,34.5
DOCS,2025,39.9
DWSN,2013,6.6
DWSN,2014,-6.8
DWSN,2015,-3.5
DWSN,2016,-8.5
DWSN,2017,-3.7
DWSN,2018,-7.7
DWSN,2019,-4.3
EB,2016,-26.3
EB,2017,-16.6
EB,2018,-13.3
EB,2019,-21.4
EB,2021,-36.2
EB,2022,-17.9
EB,2023,-12.6
EBAY,2009,16.7
EBAY,2010,22.4
EBAY,2011,20.4
EBAY,2012,20.5
EBAY,2013,21.0
EBAY,2014,19.6
ECPG,2009,21.1
ECPG,2010,25.9
ECPG,2011,25.8
ECPG,2012,27.7
ECPG,2013,25.6
ECPG,2014,29.8
ECPG,2015,21.1
ECPG,2016,23.5
ECPG,2017,27.3
ECPG,2018,30.7
ECPG,2019,31.8
ECPG,2020,35.5
ECPG,2021,39.2
ECPG,2022,33.1
ECPG,2023,1.4
ECPG,2024,12.0
ECPG,2025,35.4
EL,2017,14.4
EL,2018,2.0
EL,2019,1.5
EL,2020,-3.8
EL,2021,16.1
EL,2022,17.9
EL,2023,9.5
EL,2024,6.2
EL,2025,-5.5
EPD,2007,4.5
EPD,2008,5.0
EPD,2009,7.1
EPD,2010,1.5
EPD,2011,2.1
EPD,2012,1.9
EPD,2013,1.9
EPD,2014,1.9
EPD,2016,15.6
EPD,2017,13.4
EPD,2018,4.5
EPD,2019,4.3
EPD,2020,18.5
EPD,2021,15.0
EPD,2022,11.9
EPD,2023,13.9
EPD,2024,13.1
EPD,2025,13.8
ERIE,2013,3.3
ERIE,2014,3.6
ERIE,2015,15.4
ERIE,2016,18.3
ERIE,2017,17.0
ESS,2017,34.7
ESS,2018,36.6
ESS,2019,32.9
ESS,2020,32.9
ESS,2021,36.8
ESS,2022,37.0
ESS,2023,35.0
ESS,2024,39.6
ESS,2025,47.6
ET,2008,11.8
ET,2009,20.5
ET,2010,15.7
ET,2011,4.1
ET,2012,2.7
ET,2013,-0.3
ET,2014,0.3
ET,2015,0.6
ET,2016,-1.9
ET,2017,6.7
ET,2018,9.9
ET,2019,3.1
ET,2020,3.4
ET,2021,13.0
ET,2022,8.6
ET,2023,10.6
ET,2024,11.1
ET,2025,10.6
EXE,2007,34.0
EXE,2008,12.5
EXE,2010,29.9
EXE,2011,25.1
EXE,2012,-13.8
EXE,2013,11.8
EXE,2014,16.6
EXE,2016,-56.0
EXE,2017,12.0
EXE,2018,8.6
EXE,2019,-0.4
EXE,2020,3.3
EXE,2021,16.9
EXE,2022,32.2
EXE,2023,36.0
EXE,2024,-19.0
EXE,2025,20.4
FANG,2017,50.2
FANG,2018,46.5
FANG,2019,-9.7
FANG,2021,58.9
FANG,2022,67.5
FANG,2023,54.3
FANG,2024,39.7
FANG,2025,8.4
FDX,2008,5.5
FDX,2009,2.1
FDX,2010,5.8
FDX,2011,2.3
FDX,2012,2.0
FDX,2013,1.1
FDX,2014,2.6
FDX,2015,-2.8
FDX,2016,-0.1
FDX,2017,2.6
FDX,2018,2.3
FIG,2023,-14.5
FIZZ,2018,20.9
FIZZ,2019,17.7
FIZZ,2020,16.6
FIZZ,2021,21.2
FIZZ,2022,18.3
FIZZ,2023,15.9
FIZZ,2024,18.3
FIZZ,2025,19.6
FOUR,2018,-2.3
FOUR,2019,-0.6
FOUR,2020,-0.7
FOUR,2021,-3.6
FOUR,2022,4.8
FOUR,2023,4.5
FOUR,2024,7.4
FOUR,2025,8.4
FSLR,2016,-19.6
FSLR,2017,6.0
FSLR,2018,1.8
FSLR,2019,-5.3
FSLR,2020,11.7
FSLR,2021,20.1
FSLR,2022,-1.0
FSLR,2023,25.8
FSLR,2024,33.2
FSLR,2025,30.6
FTNT,2017,7.3
FTNT,2018,13.0
FTNT,2019,16.0
FTNT,2020,20.5
FTNT,2021,19.5
FTNT,2022,21.9
FTNT,2023,23.4
FTNT,2024,30.3
FTNT,2025,30.7
GAP,2017,7.7
GAP,2018,9.3
GAP,2019,8.2
GAP,2020,3.5
GAP,2021,-6.2
GAP,2022,4.9
GAP,2023,-0.4
GAP,2024,3.8
GAP,2025,7.4
GAP,2026,7.3
GDDY,2016,2.7
GDDY,2017,3.0
GDDY,2018,1.6
GDDY,2019,2.5
GDDY,2020,8.2
GDDY,2021,10.0
GDDY,2022,12.2
GDDY,2023,12.9
GDDY,2024,19.5
GDDY,2025,22.8
GMED,2016,27.3
GMED,2017,25.4
GMED,2018,23.7
GMED,2019,21.9
GMED,2020,14.1
GMED,2021,17.9
GMED,2022,22.3
GMED,2023,8.5
GMED,2024,6.6
GMED,2025,16.3
GOOGL,2013,27.7
GOOGL,2014,25.0
GOOGL,2015,25.8
GOOGL,2016,26.3
GOOGL,2017,23.6
GOOGL,2018,20.1
GOOGL,2019,21.1
GOOGL,2020,22.6
GOOGL,2021,30.6
GOOGL,2023,27.4
GOOGL,2024,32.1
GOOGL,2025,32.0
GPRO,2012,10.2
GPRO,2013,10.0
GPRO,2014,13.4
GPRO,2015,3.4
GPRO,2016,-31.5
GPRO,2017,-13.9
GPRO,2018,-8.2
GPRO,2019,-0.2
GPRO,2020,-4.1
GPRO,2021,9.8
GPRO,2022,3.6
GPRO,2023,-7.5
GPRO,2024,-16.8
GPRO,2025,-12.8
GRMN,2017,21.9
GRMN,2018,23.3
GRMN,2019,25.2
GRMN,2020,25.2
GRMN,2021,24.5
GRMN,2022,21.1
GRMN,2023,20.9
GRMN,2024,25.3
GRMN,2025,25.9
GSHD,2017,2.6
GSHD,2018,2.3
GSHD,2019,4.2
GSHD,2020,17.0
GSHD,2021,5.7
GSHD,2022,4.8
GSHD,2023,12.6
GSHD,2024,19.4
GSHD,2025,20.4
HD,2008,9.4
HD,2009,6.1
HD,2010,7.3
HPK,2021,46.3
HPK,2022,55.9
HPK,2023,38.4
HPK,2024,31.6
HPK,2025,17.4
IAC,2018,1.4
IAC,2019,0.2
IAC,2020,-0.8
IAC,2021,-3.7
IAC,2022,-9.1
IAC,2023,-6.0
ICE,2011,59.8
ICE,2012,60.7
ICE,2013,9.1
ICE,2014,9.5
ICE,2015,8.9
ICE,2016,9.4
ICE,2017,10.1
IMKTA,2017,3.2
IMKTA,2018,3.0
IMKTA,2019,3.6
IMKTA,2020,6.1
IMKTA,2021,7.0
IMKTA,2022,6.6
IMKTA,2023,5.0
IMKTA,2024,2.6
IMKTA,2025,2.2
INTU,2016,26.5
INTU,2017,27.3
INTU,2018,-1.4
INTU,2019,-2.3
INTU,2020,6.3
INTU,2021,26.0
INTU,2022,20.2
INTU,2023,21.9
INTU,2024,22.3
INTU,2025,26.1
INVA,2012,-9.6
INVA,2015,32.1
INVA,2016,28.5
INVA,2017,30.6
IOT,2021,-83.8
IOT,2022,-82.6
IOT,2023,-39.8
IOT,2024,-34.5
IOT,2025,-15.2
IOT,2026,-3.2
JBHT,2008,9.6
JBHT,2009,7.7
JBHT,2010,9.2
JBHT,2011,9.8
JBHT,2012,2.8
JBHT,2013,2.7
JBHT,2014,3.0
JBHT,2015,3.1
JBHT,2016,3.0
JBHT,2017,2.0
JOUT,2021,14.8
JOUT,2022,8.9
JOUT,2023,-3.4
JOUT,2024,-7.2
JOUT,2025,-1.4
KHC,2014,14.4
KHC,2016,23.2
KHC,2017,25.8
KMI,2009,19.6
KMI,2010,14.4
KMI,2011,18.6
KMI,2012,26.0
KMI,2013,28.4
KMI,2014,27.4
KMI,2015,17.0
KMI,2016,27.4
KMI,2017,25.9
KMI,2018,26.8
KMI,2019,36.9
KMI,2020,13.3
KMI,2021,17.6
KMI,2022,21.2
KMI,2023,27.8
KMI,2024,29.0
KMI,2025,27.9
KNX,2009,5.1
KNX,2010,8.3
KNX,2011,2.9
KNX,2012,3.1
KNX,2013,2.5
KNX,2014,3.1
KNX,2015,2.9
KNX,2016,1.9
KNX,2017,18.5
KNX,2018,10.6
KNX,2019,1.4
KNX,2020,12.1
KNX,2021,16.1
KNX,2022,14.7
KNX,2023,4.7
KNX,2024,3.3
KNX,2025,2.9
KO,2016,20.7
KO,2017,21.4
KO,2018,27.3
KO,2019,27.1
KO,2020,27.3
KO,2021,26.7
KO,2022,25.4
KO,2023,24.7
KO,2024,21.2
KO,2025,28.7
KVYO,2021,-27.3
KVYO,2022,-11.6
KVYO,2023,-47.4
KVYO,2024,-9.0
KVYO,2025,-5.5
LEE,2009,-20.6
LEE,2010,19.9
LEE,2011,-13.7
LEE,2012,14.5
LEE,2013,-8.5
LEE,2014,17.2
LEE,2015,16.9
LEE,2016,16.9
LEE,2017,16.3
LEE,2018,16.3
LEN,2009,-20.6
LEN,2010,6.1
LEN,2011,6.2
LEN,2012,8.5
LEN,2013,14.0
LEN,2014,14.7
LEN,2015,15.1
LEN,2016,14.3
LEN,2017,11.7
LEN,2018,12.0
LEN,2019,12.5
LEN,2020,15.5
LINE,2023,7.5
LINE,2024,-6.8
LINE,2025,3.4
LUMN,2008,27.7
LUMN,2009,24.8
LUMN,2010,29.3
LUMN,2011,3.5
LUMN,2012,3.6
LUMN,2013,3.5
LUMN,2014,2.7
LUMN,2015,4.2
LUMN,2016,2.2
LUMN,2017,3.0
LUMN,2018,-7.9
LUMN,2019,3.8
LUMN,2020,4.6
LUMN,2021,21.8
LUMN,2022,0.5
LUMN,2023,-65.8
LUMN,2024,3.5
LUMN,2025,-6.5
LUNR,2022,-6.4
LUNR,2023,-70.7
LUNR,2024,-25.2
LUV,2007,8.0
LUV,2008,4.1
LUV,2009,2.5
LUV,2010,1.8
LUV,2011,0.9
LUV,2012,0.5
LUV,2013,2.2
LUV,2014,3.3
LUV,2015,5.2
LUV,2016,4.1
LUV,2017,3.7
LVS,2016,22.2
LVS,2017,27.2
LVS,2018,6.4
LVS,2019,6.8
LVS,2020,-5.8
LVS,2021,-3.3
LVS,2022,-4.0
LVS,2023,6.8
LVS,2024,5.2
LVS,2025,5.4
MASI,2009,23.2
MASI,2010,23.6
MASI,2011,4.6
MASI,2012,4.5
MASI,2013,2.3
MASI,2015,5.6
MASI,2016,44.7
MASI,2017,7.4
MASI,2018,6.3
MASI,2019,6.6
MASI,2021,22.4
MASI,2022,6.2
MDLN,2023,5.4
MDLN,2024,8.4
MDLN,2025,7.8
MEDP,2016,12.5
MEDP,2017,14.9
MEDP,2018,4.4
MEDP,2019,4.2
MEDP,2020,18.0
MEDP,2021,17.4
MEDP,2022,19.1
MEDP,2023,17.9
MEDP,2024,21.2
MEDP,2025,21.1
META,2010,52.3
META,2011,47.3
META,2012,10.6
META,2013,35.6
META,2014,40.1
META,2015,34.7
META,2016,45.0
META,2017,49.7
MHK,2016,14.3
MHK,2017,14.3
MHK,2018,11.0
MHK,2019,8.3
MHK,2020,6.7
MHK,2021,11.9
MHK,2022,2.1
MHK,2023,-2.6
MHK,2024,6.4
MHK,2025,4.5
MNST,2016,35.6
MNST,2017,35.6
MNST,2018,33.7
MNST,2019,33.4
MNST,2020,35.5
MNST,2021,32.4
MNST,2022,25.1
MNST,2023,27.4
MNST,2024,25.8
MNST,2025,29.2
MORN,2008,27.6
MORN,2009,26.0
MORN,2010,21.8
MORN,2016,22.6
MORN,2017,18.6
MORN,2018,4.8
MORN,2019,3.4
MORN,2020,4.7
MORN,2021,15.1
MORN,2022,9.0
MORN,2023,11.3
MORN,2024,21.3
MORN,2025,21.5
MRVL,2020,-9.0
MRVL,2021,-8.7
MRVL,2022,-7.8
MRVL,2023,4.0
MRVL,2024,-10.3
MRVL,2025,-12.5
MRVL,2026,16.1
MSFT,2008,36.9
MSFT,2009,34.8
MSFT,2010,38.6
MSM,2016,13.1
MSM,2017,13.1
MSM,2018,3.4
MSM,2019,2.7
MSTR,2009,22.8
MSTR,2010,11.1
MSTR,2011,2.7
MSTR,2012,5.1
MSTR,2013,3.4
MSTR,2014,0.9
MSTR,2015,25.3
MSTR,2016,21.0
MSTR,2017,14.7
MSTR,2018,0.8
MSTR,2019,-0.2
MSTR,2020,-2.8
MSTR,2023,-23.2
MTSI,2010,6.9
MTSI,2011,14.8
MTSI,2012,18.7
MTSI,2017,-2.3
MTSI,2018,-18.7
MTSI,2019,-76.1
MTSI,2020,0.6
MTSI,2021,13.3
MTSI,2022,19.7
MTSI,2023,16.6
MTSI,2024,10.1
MTSI,2025,13.4
NET,2017,-7.2
NET,2018,-44.1
NET,2019,-37.6
NET,2020,-24.8
NET,2021,-19.5
NET,2022,-20.6
NET,2023,-14.3
NET,2024,-9.3
NET,2025,-9.6
NFLX,2007,7.6
NFLX,2008,8.9
NFLX,2009,11.5
NFLX,2010,13.1
NFLX,2011,1.9
NFLX,2012,1.4
NFLX,2013,5.2
NFLX,2014,7.3
NFLX,2015,4.5
NFLX,2016,4.3
NFLX,2017,7.2
NFLX,2018,10.2
NFLX,2019,12.9
NFLX,2020,18.3
NFLX,2021,20.9
NFLX,2022,17.8
NFLX,2023,20.6
NFLX,2024,26.7
NFLX,2025,29.5
NOW,2011,11.4
NOW,2012,-15.4
NOW,2013,-15.6
NOW,2014,-22.2
NOW,2015,-16.5
NOW,2016,-30.4
NOW,2017,-5.2
NVDA,2008,20.4
NVDA,2009,-2.1
NVDA,2010,-3.0
NVDA,2011,7.2
NVDA,2012,16.2
NVDA,2013,15.1
NVDA,2014,12.0
NVDA,2015,16.2
NVDA,2016,14.9
NVDA,2017,28.0
NVDA,2018,33.0
NVDA,2020,26.1
NVDA,2021,27.2
NVDA,2022,37.3
NVDA,2023,15.7
NVDA,2024,54.1
NVDA,2025,62.4
NVDA,2026,60.4
ONC,2017,-43.5
ORCL,2008,35.0
ORCL,2009,35.8
ORCL,2010,33.8
ORCL,2011,33.8
ORCL,2012,36.9
ORCL,2013,39.5
ORCL,2014,38.6
ORCL,2015,36.3
ORCL,2016,34.0
ORCL,2017,33.7
ORCL,2018,34.3
ORCL,2019,34.3
ORCL,2021,37.6
ORCL,2022,25.7
ORCL,2023,26.2
ORCL,2024,29.0
ORCL,2025,30.8
PACS,2022,9.5
PACS,2023,6.7
PACS,2024,3.0
PACS,2025,5.9
PANW,2011,-8.8
PANW,2012,1.5
PANW,2013,-1.7
PANW,2014,-4.3
PANW,2015,-3.7
PANW,2016,-3.3
PANW,2017,-1.5
PANW,2018,0.4
PAYC,2013,8.8
PAYC,2014,3.2
PAYC,2015,2.8
PAYC,2016,3.9
PAYC,2017,4.5
PAYX,2008,40.1
PAYX,2009,38.7
PAYX,2010,36.2
PAYX,2011,8.8
PAYX,2012,8.8
PAYX,2013,9.1
PAYX,2014,9.1
PAYX,2015,9.2
PAYX,2016,9.4
PAYX,2017,9.5
PAYX,2018,9.4
PAYX,2019,8.3
PAYX,2020,7.4
PAYX,2021,36.0
PAYX,2022,39.9
PAYX,2023,40.6
PAYX,2024,41.2
PAYX,2025,39.6
PEGA,2009,15.8
PEGA,2010,-0.8
PEGA,2011,0.9
PEGA,2012,6.0
PEGA,2013,4.8
PEGA,2014,5.0
PEGA,2015,5.4
PII,2016,7.8
PII,2017,6.6
PII,2018,8.0
PII,2019,7.1
PII,2020,3.0
PII,2021,8.6
PII,2022,9.4
PII,2023,7.8
PII,2024,4.0
PII,2025,-4.9
PINS,2017,-29.2
PINS,2018,-9.9
PINS,2020,-8.4
PINS,2021,12.7
PINS,2022,-3.6
PINS,2023,-4.1
PINS,2024,4.9
PINS,2025,7.6
PLTR,2019,-77.6
PLTR,2021,-26.7
PLTR,2022,-8.5
PLTR,2023,5.4
PLTR,2024,10.8
PLTR,2025,31.6
PRM,2019,-2.4
PRM,2020,21.0
PRM,2021,23.6
PRM,2022,36.1
PRM,2023,29.3
PRM,2024,-0.7
PRM,2025,-30.8
PSA,2010,42.1
PSA,2011,43.5
PSA,2012,47.7
PSA,2013,48.6
PSA,2014,48.7
PSA,2015,51.7
PSA,2016,53.7
PSA,2017,53.3
PSTG,2017,-29.9
PSTG,2018,-16.3
PSTG,2019,-12.4
PSTG,2020,-11.6
PSTG,2021,-15.5
PSTG,2022,-4.5
PSTG,2023,3.0
PSTG,2024,1.9
PSTG,2025,2.7
QXO,2017,2.7
QXO,2018,1.0
QXO,2019,-5.0
QXO,2020,0.5
QXO,2021,-0.6
QXO,2022,-0.9
QXO,2023,3.1
RBLX,2019,-15.0
RBLX,2020,-28.8
RBLX,2021,-25.8
RBLX,2022,-41.5
RDI,2009,6.4
RDI,2010,5.7
RDI,2011,7.5
RDI,2012,7.5
RDI,2013,8.1
RDI,2014,8.7
RDI,2015,9.0
RDI,2016,7.5
RDI,2017,7.4
RDI,2018,7.8
RDI,2019,3.3
RDI,2020,-78.7
RDI,2021,-30.1
RDI,2022,-14.0
RDI,2023,-5.4
RDI,2024,-6.7
REGN,2008,-36.2
REGN,2009,-19.5
REGN,2010,-21.2
REGN,2011,-46.0
REGN,2012,33.2
REGN,2013,36.1
REGN,2014,29.7
REGN,2015,30.5
REGN,2016,27.4
REGN,2017,35.4
RHP,2009,6.5
RHP,2010,-8.6
RHP,2011,2.1
RHP,2012,-2.5
RHP,2013,3.1
RHP,2014,4.2
RHP,2015,3.3
RHP,2016,5.4
RHP,2017,3.1
RL,2017,-1.4
RL,2018,8.1
RL,2019,8.9
RL,2020,5.1
RL,2021,-1.0
RL,2022,12.8
RL,2023,10.9
RL,2024,11.4
RL,2025,13.2
ROKU,2016,-10.9
ROKU,2017,-3.8
ROKU,2018,-1.8
ROKU,2019,-5.8
ROKU,2020,-1.1
ROKU,2021,8.5
ROKU,2022,-17.0
ROKU,2023,-22.7
ROKU,2024,-5.3
ROKU,2025,-0.1
ROL,2019,15.7
ROL,2020,17.4
RRR,2017,20.2
RRR,2018,22.1
RRR,2019,3.2
RRR,2020,7.5
RRR,2021,24.8
RRR,2022,33.7
RRR,2023,32.4
RRR,2024,29.3
RRR,2025,29.7
RSI,2019,-35.1
RSI,2020,-47.9
RSI,2021,-19.3
RSI,2022,-21.1
RSI,2023,-7.5
RSI,2024,2.6
RSI,2025,7.7
SAM,2009,13.1
SAM,2010,17.5
SAM,2011,5.0
SAM,2012,4.7
SAM,2013,3.9
SAM,2014,3.5
SAM,2015,2.7
SAM,2016,3.8
SAM,2017,1.7
SAM,2018,2.9
SAM,2019,1.4
SAM,2020,2.4
SAM,2021,0.4
SAM,2022,4.3
SAM,2023,5.0
SAM,2024,3.8
SAM,2025,7.4
SBUX,2009,5.7
SBUX,2010,13.3
SBUX,2011,14.8
SBUX,2012,15.0
SBUX,2013,-2.2
SBUX,2016,19.6
SBUX,2017,18.5
SBUX,2018,3.9
SBUX,2019,4.1
SBUX,2020,2.4
SBUX,2021,16.8
SBUX,2022,14.3
SBUX,2023,16.3
SBUX,2024,15.0
SBUX,2025,7.9
SCVL,2017,3.8
SCVL,2018,0.0
SCVL,2019,4.8
SCVL,2020,0.5
SCVL,2021,2.2
SCVL,2022,15.6
SCVL,2023,11.6
SCVL,2024,8.0
SCVL,2025,7.6
SEE,2016,14.9
SEE,2017,12.8
SEE,2018,13.9
SEE,2019,12.1
SEE,2020,16.1
SEE,2021,16.3
SEE,2022,16.7
SEE,2023,13.7
SEE,2024,13.6
SEE,2025,13.5
SEIC,2008,39.8
SEIC,2009,34.3
SEIC,2010,24.1
SEIC,2011,21.9
SEIC,2012,21.3
SEIC,2013,22.1
SEIC,2014,27.9
SEIC,2015,26.8
SEIC,2016,26.8
SEIC,2017,26.0
SEIC,2018,27.2
SEIC,2019,27.9
SEIC,2020,26.5
SEIC,2021,28.8
SEIC,2022,23.9
SEIC,2023,22.1
SEIC,2024,26.0
SEIC,2025,27.3
SHLS,2019,18.6
SHLS,2020,21.2
SHLS,2021,17.0
SHLS,2022,20.3
SHLS,2023,16.2
SHLS,2024,12.8
SHLS,2025,11.9
SMCI,2015,6.8
SMCI,2016,4.8
SMCI,2017,3.8
SNOW,2021,-91.9
SNOW,2022,-58.6
SNOW,2023,-40.8
SNOW,2024,-39.0
SNOW,2025,-40.2
SPG,2007,42.0
SPG,2008,40.8
SPG,2009,37.3
SPG,2010,12.7
SPG,2011,12.4
SPG,2012,12.6
SPG,2013,13.4
SPG,2014,13.5
SPG,2015,13.5
SPG,2016,12.9
SPG,2017,13.5
SPG,2018,13.3
SPG,2019,13.5
SPG,2020,10.0
SPG,2021,11.6
SPG,2022,12.9
SPG,2023,14.0
SPG,2024,14.0
SPG,2025,14.0
SSNC,2014,26.1
SSNC,2015,16.5
SSNC,2016,6.4
SSNC,2017,6.8
STLD,2016,9.4
STLD,2017,11.2
STLD,2018,3.1
STLD,2019,1.7
STLD,2020,2.7
STLD,2021,23.4
STLD,2022,22.9
STWD,2011,61.0
STWD,2012,60.4
STWD,2013,25.3
STWD,2014,31.1
STWD,2015,27.1
STWD,2016,17.1
STWD,2017,16.4
STZ,2017,32.6
STZ,2018,30.1
STZ,2019,29.7
STZ,2020,25.8
STZ,2021,32.4
STZ,2022,26.4
STZ,2023,30.1
STZ,2024,31.8
STZ,2025,3.5
SYK,2016,19.2
SYK,2017,18.5
SYK,2018,18.7
SYK,2019,18.2
SYK,2020,15.5
SYK,2021,15.1
SYK,2022,15.4
SYK,2023,19.0
SYK,2024,16.3
SYK,2025,19.5
SYM,2021,-48.6
SYM,2022,-23.7
SYM,2023,-19.0
SYM,2024,0.6
SYM,2025,-5.1
T,2007,17.2
T,2008,-1.4
T,2009,17.5
T,2010,1.7
T,2011,-7.1
T,2012,-4.7
T,2013,9.5
T,2014,-4.2
T,2015,5.1
T,2016,2.6
T,2017,0.2
T,2018,3.6
T,2019,2.9
T,2020,3.7
T,2021,13.8
T,2022,-17.5
T,2023,4.3
T,2024,15.6
T,2025,19.2
TEM,2022,-82.8
TEM,2023,-36.9
TEM,2024,-99.7
TEM,2025,-19.9
TKO,2021,37.9
TKO,2022,47.7
TKO,2023,26.7
TKO,2024,10.1
TKO,2025,1.2
TMUS,2008,17.0
TMUS,2009,15.4
TMUS,2010,17.7
TMUS,2011,-20.8
TMUS,2012,-32.4
TMUS,2013,0.6
TMUS,2014,1.5
TMUS,2015,2.6
TMUS,2016,2.5
TMUS,2017,2.7
TOL,2018,11.0
TSLA,2009,-46.4
TSLA,2012,-95.4
TSLA,2013,-3.0
TSLA,2014,-5.8
TSLA,2015,-17.7
TSLA,2016,-9.5
TSLA,2017,-13.9
TSLA,2018,-1.8
TSLA,2019,-0.3
TSLA,2020,6.3
TSLA,2021,12.1
TSLA,2022,16.8
TSLA,2023,9.2
TSLA,2024,7.2
TSLA,2025,4.6
TSN,2016,7.7
TSN,2017,7.6
TSN,2018,2.1
TSN,2019,1.4
TSN,2020,2.2
TSN,2021,9.3
TSN,2022,8.3
TSN,2023,-0.7
TSN,2024,2.6
TSN,2025,2.0
TTD,2016,28.3
TTD,2017,22.5
TTD,2018,22.5
TTD,2019,17.0
TTD,2020,17.2
TTD,2021,10.4
TTD,2022,7.2
TTD,2023,10.3
TTD,2024,17.5
TTD,2025,20.3
TWLO,2014,-30.0
TWLO,2015,-21.2
TWLO,2016,-14.9
TWLO,2017,-16.6
UAA,2011,12.3
UAA,2012,4.9
UAA,2013,4.7
UAA,2016,8.6
UAA,2017,0.6
UAA,2018,-0.2
UAA,2019,1.4
UAA,2020,1.2
UAA,2021,8.6
UAA,2023,4.8
UAA,2024,-0.1
UAA,2025,-3.6
UBER,2017,-51.4
UBER,2018,-29.1
UBER,2019,-60.8
UBER,2020,-43.7
UBER,2021,-22.0
UBER,2022,-5.7
UBER,2023,3.0
UBER,2024,6.4
UBER,2025,10.7
UHAL,2010,9.7
UHAL,2011,16.9
UHAL,2012,16.6
UHAL,2013,19.5
UHAL,2014,22.2
UHAL,2015,21.6
UHAL,2016,26.5
UHAL,2017,21.7
UHAL,2018,21.3
UHAL,2019,16.5
UHAL,2020,13.6
UHAL,2021,21.2
UHAL,2022,28.7
UHAL,2023,24.6
UHAL,2024,17.4
UHAL,2025,12.3
UHS,2016,13.1
UHS,2017,12.3
UHS,2018,10.9
UHS,2019,10.7
UHS,2020,11.8
UHS,2021,10.8
UHS,2022,7.5
UHS,2023,8.2
UHS,2024,10.6
UHS,2025,11.5
UI,2013,41.2
UI,2014,38.6
UI,2016,36.3
UI,2017,33.5
UI,2018,8.7
UI,2019,8.7
UI,2020,9.2
UI,2021,39.1
UI,2022,27.3
UI,2023,28.1
UI,2024,25.9
UI,2025,32.5
URBN,2017,9.5
URBN,2018,7.2
URBN,2019,9.7
URBN,2020,5.8
URBN,2021,0.1
URBN,2022,9.0
URBN,2023,4.7
URBN,2024,7.2
URBN,2025,8.5
UTHR,2008,-29.1
UTHR,2009,7.2
UTHR,2010,27.2
UTHR,2011,42.8
UTHR,2012,46.0
UTHR,2013,26.2
UTHR,2014,41.8
UTHR,2015,47.7
UTHR,2016,66.4
UTHR,2017,47.2
UTHR,2018,49.5
UTHR,2019,-12.9
UTHR,2020,40.0
UWMC,2019,-0.0
UWMC,2020,-0.1
VEEV,2012,10.8
VEEV,2013,7.2
VEEV,2014,18.7
VEEV,2015,6.6
VEEV,2016,3.7
VEEV,2017,6.0
VEEV,2018,5.1
VEEV,2019,7.3
VEEV,2020,5.5
VG,2023,61.4
VG,2024,35.5
VG,2025,37.4
VICR,2023,12.7
VICR,2024,-0.4
VICR,2025,18.1
W,2012,-3.6
W,2013,-1.7
W,2014,-11.2
W,2015,-3.6
W,2016,-5.8
W,2017,-5.0
WBD,2016,31.7
WBD,2017,-12.2
WBD,2018,6.7
WDAY,2010,-82.4
WDAY,2012,-17.2
WDAY,2013,-11.2
WDAY,2014,-32.7
WDAY,2015,-6.4
WDAY,2016,-6.3
WDAY,2017,-6.8
WDAY,2018,-3.8
WEN,2008,-22.7
WEN,2010,3.1
WEN,2011,1.4
WEN,2012,1.3
WEN,2013,1.2
WEN,2014,2.5
WEN,2016,6.2
WEN,2017,5.4
WEN,2018,2.9
WEN,2019,2.1
WEN,2021,15.5
WEN,2022,19.3
WEN,2023,17.5
WEN,2024,16.5
WEN,2025,15.8
WLK,2013,79.9
WLK,2016,79.9
WLK,2017,15.2
WLK,2018,2.4
WLK,2019,1.3
WLK,2020,2.4
WLK,2021,23.8
WLK,2022,19.3
WLK,2023,5.8
WLK,2024,7.2
WLK,2025,-14.1
WMT,2008,5.8
WMT,2009,5.6
WMT,2010,5.9
WMT,2011,6.1
WMT,2012,5.9
WMT,2013,5.9
WMT,2014,5.6
WMT,2015,5.6
WMT,2016,5.0
WMT,2017,4.7
WMT,2018,4.1
WMT,2019,4.3
WMT,2020,3.9
WMT,2021,4.0
WMT,2022,4.5
WMT,2023,3.3
WMT,2024,4.2
WMT,2025,4.3
WMT,2026,4.2
WSO,2008,5.8
WSO,2009,4.0
WSO,2010,5.8
WSO,2011,6.7
WSO,2012,6.6
WSO,2013,7.2
WSO,2014,7.8
WSO,2015,8.2
WSO,2016,8.2
WSO,2017,8.2
WSO,2018,8.2
WSO,2019,7.7
WSO,2020,7.9
WSO,2021,10.0
WSO,2022,11.4
WSO,2023,10.9
WSO,2024,10.3
WSO,2025,10.0
WT,2016,28.9
WT,2017,20.7
WT,2018,22.4
WT,2021,29.3
WT,2022,19.9
WT,2023,25.1
WT,2024,32.1
WT,2025,35.3
WYNN,2008,10.4
WYNN,2009,1.5
WYNN,2010,5.5
WYNN,2016,12.0
WYNN,2017,17.4
WYNN,2018,10.9
XYZ,2016,-10.0
XYZ,2017,-2.4
XYZ,2018,-1.1
XYZ,2019,0.6
XYZ,2020,-0.2
XYZ,2021,0.9
XYZ,2022,-3.6
XYZ,2023,-1.3
XYZ,2024,3.7
XYZ,2025,7.1
ZM,2018,-3.2
ZM,2019,1.9
ZM,2020,1.7
ZM,2021,9.7
ZM,2022,25.9
ZM,2023,5.6
ZM,2024,11.6
ZM,2025,17.4
ZM,2026,23.1
ZS,2016,-33.4
ZS,2017,-27.9
ZS,2018,-18.2
ZS,2019,-11.7
ZS,2020,-26.4
ZS,2021,-30.9
ZS,2022,-30.0
ZS,2023,-14.5
ZS,2024,-5.6
ZS,2025,-4.8
